distributionProfile,tipo,R2,sigma,b0,b1,n_munic,b0_desv,b1_desv,factor
a. 80%+ - 1st bracket,MCIB - RPME,0.42218917873792194,0.04077693291294895,0.3239512883447594,0.3741804456142369,308,0.10494443722022945,0.3916501146515951,0.43005627604454993
b. well distributed,RPME: midArit_topArit,0.8943827519511198,0.026860317379634603,0.08208855837079639,0.9049767836902655,3644,0.006738531415395646,0.0090294116378466,0.8276487416830435
